Driver,LapTime,Sector1Time,Sector2Time,Sector3Time,Compound,TyreLife,PitOutTime,PitInTime
VER,0 days 00:02:02.046000,,0 days 00:00:49.014000,0 days 00:00:31.876000,INTERMEDIATE,1.0,,
VER,,0 days 00:00:58.131000,0 days 00:01:25.451000,0 days 00:00:39.787000,INTERMEDIATE,2.0,,0 days 01:07:39.541000
VER,,,0 days 00:01:13.921000,0 days 00:00:32.369000,WET,1.0,0 days 03:14:06.948000,
VER,,0 days 00:01:03.741000,0 days 00:01:11.392000,0 days 00:00:30.571000,WET,2.0,,
VER,,0 days 00:01:02.043000,0 days 00:01:24.968000,0 days 00:00:36.379000,WET,3.0,,
VER,0 days 00:01:50.761000,0 days 00:00:40.046000,0 days 00:00:49.014000,0 days 00:00:21.701000,WET,4.0,,
VER,0 days 00:01:52.865000,0 days 00:00:39.707000,0 days 00:00:49.161000,0 days 00:00:23.997000,WET,5.0,,0 days 03:26:26.364000
VER,0 days 00:02:10.625000,0 days 00:01:01.116000,0 days 00:00:47.751000,0 days 00:00:21.758000,INTERMEDIATE,1.0,0 days 03:26:51.019000,
VER,0 days 00:01:45.148000,0 days 00:00:37.744000,0 days 00:00:46.952000,0 days 00:00:20.452000,INTERMEDIATE,2.0,,
VER,0 days 00:01:44.911000,0 days 00:00:37.845000,0 days 00:00:46.812000,0 days 00:00:20.254000,INTERMEDIATE,3.0,,
VER,0 days 00:01:45.011000,0 days 00:00:37.760000,0 days 00:00:46.858000,0 days 00:00:20.393000,INTERMEDIATE,4.0,,
VER,0 days 00:01:45.403000,0 days 00:00:37.983000,0 days 00:00:47.051000,0 days 00:00:20.369000,INTERMEDIATE,5.0,,
VER,0 days 00:01:45.802000,0 days 00:00:38.087000,0 days 00:00:47.190000,0 days 00:00:20.525000,INTERMEDIATE,6.0,,
VER,0 days 00:01:46.813000,0 days 00:00:38.833000,0 days 00:00:47.451000,0 days 00:00:20.529000,INTERMEDIATE,7.0,,
VER,0 days 00:01:47.348000,0 days 00:00:39.017000,0 days 00:00:47.755000,0 days 00:00:20.576000,INTERMEDIATE,8.0,,
VER,0 days 00:01:47.516000,0 days 00:00:39.144000,0 days 00:00:47.793000,0 days 00:00:20.579000,INTERMEDIATE,9.0,,
VER,0 days 00:01:47.416000,0 days 00:00:39.138000,0 days 00:00:47.726000,0 days 00:00:20.552000,INTERMEDIATE,10.0,,
VER,0 days 00:01:47.598000,0 days 00:00:39.149000,0 days 00:00:47.910000,0 days 00:00:20.539000,INTERMEDIATE,11.0,,
VER,0 days 00:01:47.654000,0 days 00:00:39.116000,0 days 00:00:47.982000,0 days 00:00:20.556000,INTERMEDIATE,12.0,,
VER,0 days 00:01:47.742000,0 days 00:00:39.287000,0 days 00:00:47.921000,0 days 00:00:20.534000,INTERMEDIATE,13.0,,
VER,0 days 00:01:47.563000,0 days 00:00:39.159000,0 days 00:00:47.888000,0 days 00:00:20.516000,INTERMEDIATE,14.0,,
VER,0 days 00:01:47.350000,0 days 00:00:39.149000,0 days 00:00:47.648000,0 days 00:00:20.553000,INTERMEDIATE,15.0,,
VER,0 days 00:01:47.651000,0 days 00:00:39.214000,0 days 00:00:47.748000,0 days 00:00:20.689000,INTERMEDIATE,16.0,,
VER,0 days 00:01:47.582000,0 days 00:00:39.183000,0 days 00:00:47.731000,0 days 00:00:20.668000,INTERMEDIATE,17.0,,
VER,0 days 00:01:47.794000,0 days 00:00:39.387000,0 days 00:00:47.788000,0 days 00:00:20.619000,INTERMEDIATE,18.0,,
VER,0 days 00:01:47.991000,0 days 00:00:39.243000,0 days 00:00:48.012000,0 days 00:00:20.736000,INTERMEDIATE,19.0,,
VER,0 days 00:01:48.249000,0 days 00:00:39.473000,0 days 00:00:48.116000,0 days 00:00:20.660000,INTERMEDIATE,20.0,,
VER,0 days 00:01:48.944000,0 days 00:00:39.405000,0 days 00:00:48.136000,0 days 00:00:21.403000,INTERMEDIATE,21.0,,
VER,,,,,INTERMEDIATE,22.0,,
GAS,0 days 00:02:49.982000,,0 days 00:01:19.433000,0 days 00:00:34.417000,INTERMEDIATE,1.0,0 days 01:02:46.728000,0 days 01:05:24.564000
GAS,,0 days 00:01:22.370000,0 days 00:00:56.458000,0 days 00:00:41.637000,WET,1.0,0 days 01:06:05.782000,0 days 01:08:22.943000
GAS,,,0 days 00:00:58.580000,0 days 00:00:31.961000,WET,1.0,0 days 03:15:11.895000,
GAS,,0 days 00:00:54.417000,0 days 00:01:18.401000,0 days 00:00:33.660000,WET,2.0,,
GAS,,0 days 00:00:50.707000,0 days 00:01:17.690000,0 days 00:00:34.372000,WET,3.0,,
GAS,0 days 00:01:57.895000,0 days 00:00:43.020000,0 days 00:00:51.434000,0 days 00:00:23.441000,WET,4.0,,
GAS,0 days 00:01:57.813000,0 days 00:00:41.963000,0 days 00:00:50.508000,0 days 00:00:25.342000,WET,5.0,,0 days 03:26:52.247000
GAS,0 days 00:02:11.737000,0 days 00:01:02.423000,0 days 00:00:48.601000,0 days 00:00:20.713000,INTERMEDIATE,1.0,0 days 03:27:17.225000,
GAS,0 days 00:01:49.380000,0 days 00:00:39.565000,0 days 00:00:48.598000,0 days 00:00:21.217000,INTERMEDIATE,2.0,,
GAS,0 days 00:01:48.870000,0 days 00:00:39.998000,0 days 00:00:48.081000,0 days 00:00:20.791000,INTERMEDIATE,3.0,,
GAS,0 days 00:01:47.854000,0 days 00:00:39.201000,0 days 00:00:48.128000,0 days 00:00:20.525000,INTERMEDIATE,4.0,,
GAS,0 days 00:01:49.115000,0 days 00:00:39.487000,0 days 00:00:48.784000,0 days 00:00:20.844000,INTERMEDIATE,5.0,,
GAS,0 days 00:01:49.131000,0 days 00:00:39.615000,0 days 00:00:48.686000,0 days 00:00:20.830000,INTERMEDIATE,6.0,,
GAS,0 days 00:01:50.338000,0 days 00:00:40.093000,0 days 00:00:49.347000,0 days 00:00:20.898000,INTERMEDIATE,7.0,,
GAS,0 days 00:01:49.763000,0 days 00:00:39.894000,0 days 00:00:48.906000,0 days 00:00:20.963000,INTERMEDIATE,8.0,,
GAS,0 days 00:01:50.492000,0 days 00:00:40.205000,0 days 00:00:49.287000,0 days 00:00:21,INTERMEDIATE,9.0,,
GAS,0 days 00:01:50.916000,0 days 00:00:40.453000,0 days 00:00:49.310000,0 days 00:00:21.153000,INTERMEDIATE,10.0,,
GAS,0 days 00:01:50.802000,0 days 00:00:40.295000,0 days 00:00:49.501000,0 days 00:00:21.006000,INTERMEDIATE,11.0,,
GAS,0 days 00:01:53.384000,0 days 00:00:40.589000,0 days 00:00:49.356000,0 days 00:00:23.439000,INTERMEDIATE,12.0,,0 days 03:49:14.025000
GAS,0 days 00:02:07.438000,0 days 00:00:59.974000,0 days 00:00:47.144000,0 days 00:00:20.320000,INTERMEDIATE,1.0,0 days 03:49:38.060000,
GAS,0 days 00:01:45.592000,0 days 00:00:38.160000,0 days 00:00:46.900000,0 days 00:00:20.532000,INTERMEDIATE,2.0,,
GAS,0 days 00:01:45.387000,0 days 00:00:37.837000,0 days 00:00:47.104000,0 days 00:00:20.446000,INTERMEDIATE,3.0,,
GAS,0 days 00:01:46.686000,0 days 00:00:38.241000,0 days 00:00:47.796000,0 days 00:00:20.649000,INTERMEDIATE,4.0,,
GAS,0 days 00:01:48.888000,0 days 00:00:39.033000,0 days 00:00:48.432000,0 days 00:00:21.423000,INTERMEDIATE,5.0,,
GAS,0 days 00:01:48.189000,0 days 00:00:39.090000,0 days 00:00:48.471000,0 days 00:00:20.628000,INTERMEDIATE,6.0,,
GAS,0 days 00:01:49.689000,0 days 00:00:39.371000,0 days 00:00:48.942000,0 days 00:00:21.376000,INTERMEDIATE,7.0,,
GAS,0 days 00:01:50.958000,0 days 00:00:40.528000,0 days 00:00:49.283000,0 days 00:00:21.147000,INTERMEDIATE,8.0,,
GAS,0 days 00:01:49.735000,0 days 00:00:39.730000,0 days 00:00:49.141000,0 days 00:00:20.864000,INTERMEDIATE,9.0,,
PER,0 days 00:02:07.539000,,0 days 00:00:50.389000,0 days 00:00:32.217000,INTERMEDIATE,1.0,,
PER,,0 days 00:00:55.567000,0 days 00:01:25.801000,0 days 00:00:41.751000,INTERMEDIATE,2.0,,0 days 01:07:44.709000
PER,,,0 days 00:01:15.704000,0 days 00:00:31.372000,WET,1.0,0 days 03:14:17.167000,
PER,,0 days 00:01:02.395000,0 days 00:01:12.882000,0 days 00:00:31.134000,WET,2.0,,
PER,,0 days 00:00:59.946000,0 days 00:01:24.230000,0 days 00:00:37.248000,WET,3.0,,
PER,0 days 00:01:53.662000,0 days 00:00:41.005000,0 days 00:00:50.603000,0 days 00:00:22.054000,WET,4.0,,
PER,0 days 00:01:54.053000,0 days 00:00:39.895000,0 days 00:00:49.663000,0 days 00:00:24.495000,WET,5.0,,0 days 03:26:32.722000
PER,0 days 00:02:11.551000,0 days 00:01:01.753000,0 days 00:00:48.673000,0 days 00:00:21.125000,INTERMEDIATE,1.0,0 days 03:26:58.330000,
PER,0 days 00:01:47.730000,0 days 00:00:38.668000,0 days 00:00:48.375000,0 days 00:00:20.687000,INTERMEDIATE,2.0,,
PER,0 days 00:01:47.088000,0 days 00:00:39.460000,0 days 00:00:47.251000,0 days 00:00:20.377000,INTERMEDIATE,3.0,,
PER,0 days 00:01:46.120000,0 days 00:00:38.035000,0 days 00:00:47.580000,0 days 00:00:20.505000,INTERMEDIATE,4.0,,
PER,0 days 00:01:46.165000,0 days 00:00:38.132000,0 days 00:00:47.449000,0 days 00:00:20.584000,INTERMEDIATE,5.0,,
PER,0 days 00:01:47.120000,0 days 00:00:38.394000,0 days 00:00:48.056000,0 days 00:00:20.670000,INTERMEDIATE,6.0,,
PER,0 days 00:01:47.253000,0 days 00:00:38.712000,0 days 00:00:47.959000,0 days 00:00:20.582000,INTERMEDIATE,7.0,,
PER,0 days 00:01:47.387000,0 days 00:00:38.791000,0 days 00:00:48.010000,0 days 00:00:20.586000,INTERMEDIATE,8.0,,
PER,0 days 00:01:47.885000,0 days 00:00:38.840000,0 days 00:00:48.435000,0 days 00:00:20.610000,INTERMEDIATE,9.0,,
PER,0 days 00:01:48.246000,0 days 00:00:39.259000,0 days 00:00:48.307000,0 days 00:00:20.680000,INTERMEDIATE,10.0,,
PER,0 days 00:01:48.133000,0 days 00:00:39.241000,0 days 00:00:48.413000,0 days 00:00:20.479000,INTERMEDIATE,11.0,,
PER,0 days 00:01:48.126000,0 days 00:00:39.266000,0 days 00:00:48.344000,0 days 00:00:20.516000,INTERMEDIATE,12.0,,
PER,0 days 00:01:47.338000,0 days 00:00:38.881000,0 days 00:00:48.120000,0 days 00:00:20.337000,INTERMEDIATE,13.0,,
PER,0 days 00:01:48.221000,0 days 00:00:39.210000,0 days 00:00:48.424000,0 days 00:00:20.587000,INTERMEDIATE,14.0,,
PER,0 days 00:01:47.591000,0 days 00:00:39.322000,0 days 00:00:48.001000,0 days 00:00:20.268000,INTERMEDIATE,15.0,,
PER,0 days 00:01:48.819000,0 days 00:00:39.796000,0 days 00:00:48.351000,0 days 00:00:20.672000,INTERMEDIATE,16.0,,
PER,0 days 00:01:49.857000,0 days 00:00:40.142000,0 days 00:00:48.834000,0 days 00:00:20.881000,INTERMEDIATE,17.0,,
PER,0 days 00:01:49.165000,0 days 00:00:39.927000,0 days 00:00:48.472000,0 days 00:00:20.766000,INTERMEDIATE,18.0,,
PER,0 days 00:01:49.258000,0 days 00:00:39.979000,0 days 00:00:48.527000,0 days 00:00:20.752000,INTERMEDIATE,19.0,,
PER,0 days 00:01:49.491000,0 days 00:00:40.529000,0 days 00:00:48.166000,0 days 00:00:20.796000,INTERMEDIATE,20.0,,
PER,0 days 00:01:50.319000,0 days 00:00:40.032000,0 days 00:00:49.081000,0 days 00:00:21.206000,INTERMEDIATE,21.0,,
ALO,0 days 00:02:19.009000,,0 days 00:01:00.452000,0 days 00:00:30.444000,INTERMEDIATE,1.0,,
ALO,,0 days 00:00:49.660000,0 days 00:01:27.765000,0 days 00:00:42.830000,INTERMEDIATE,2.0,,0 days 01:07:52.426000
ALO,,,0 days 00:01:18.212000,0 days 00:00:30.558000,WET,1.0,0 days 03:14:29.304000,
ALO,,0 days 00:00:58.890000,0 days 00:01:14.878000,0 days 00:00:33.291000,WET,2.0,,
ALO,,0 days 00:00:55.530000,0 days 00:01:22.265000,0 days 00:00:36.251000,WET,3.0,,
ALO,0 days 00:01:56.300000,0 days 00:00:42.983000,0 days 00:00:50.855000,0 days 00:00:22.462000,WET,4.0,,
ALO,0 days 00:01:53.315000,0 days 00:00:41.123000,0 days 00:00:50.440000,0 days 00:00:21.752000,WET,5.0,,
ALO,0 days 00:01:52.739000,0 days 00:00:39.631000,0 days 00:00:50.014000,0 days 00:00:23.094000,WET,6.0,,0 days 03:28:28.491000
ALO,0 days 00:02:12.203000,0 days 00:01:02.258000,0 days 00:00:48.924000,0 days 00:00:21.021000,INTERMEDIATE,1.0,0 days 03:28:52.623000,
ALO,0 days 00:01:48.497000,0 days 00:00:39.505000,0 days 00:00:48.089000,0 days 00:00:20.903000,INTERMEDIATE,2.0,,
ALO,0 days 00:01:49.226000,0 days 00:00:39.490000,0 days 00:00:49.016000,0 days 00:00:20.720000,INTERMEDIATE,3.0,,
ALO,0 days 00:01:46.995000,0 days 00:00:38.846000,0 days 00:00:47.717000,0 days 00:00:20.432000,INTERMEDIATE,4.0,,
ALO,0 days 00:01:46.965000,0 days 00:00:38.750000,0 days 00:00:47.762000,0 days 00:00:20.453000,INTERMEDIATE,5.0,,
ALO,0 days 00:01:46.677000,0 days 00:00:38.459000,0 days 00:00:47.688000,0 days 00:00:20.530000,INTERMEDIATE,6.0,,
ALO,0 days 00:01:47.525000,0 days 00:00:38.754000,0 days 00:00:47.827000,0 days 00:00:20.944000,INTERMEDIATE,7.0,,
ALO,0 days 00:01:48.376000,0 days 00:00:39.097000,0 days 00:00:48.479000,0 days 00:00:20.800000,INTERMEDIATE,8.0,,
ALO,0 days 00:01:48.726000,0 days 00:00:39.287000,0 days 00:00:48.217000,0 days 00:00:21.222000,INTERMEDIATE,9.0,,
ALO,0 days 00:01:48.852000,0 days 00:00:39.624000,0 days 00:00:48.289000,0 days 00:00:20.939000,INTERMEDIATE,10.0,,
ALO,0 days 00:01:48.965000,0 days 00:00:39.364000,0 days 00:00:48.368000,0 days 00:00:21.233000,INTERMEDIATE,11.0,,
ALO,0 days 00:01:49.103000,0 days 00:00:39.830000,0 days 00:00:48.646000,0 days 00:00:20.627000,INTERMEDIATE,12.0,,
ALO,0 days 00:01:49.038000,0 days 00:00:39.681000,0 days 00:00:48.440000,0 days 00:00:20.917000,INTERMEDIATE,13.0,,
ALO,0 days 00:01:51.629000,0 days 00:00:39.667000,0 days 00:00:48.632000,0 days 00:00:23.330000,INTERMEDIATE,14.0,,0 days 03:54:11.273000
ALO,0 days 00:02:05.304000,0 days 00:00:58.782000,0 days 00:00:46.377000,0 days 00:00:20.145000,INTERMEDIATE,1.0,0 days 03:54:35.415000,
ALO,0 days 00:01:44.469000,0 days 00:00:37.577000,0 days 00:00:46.504000,0 days 00:00:20.388000,INTERMEDIATE,2.0,,
ALO,0 days 00:01:44.412000,0 days 00:00:37.413000,0 days 00:00:46.521000,0 days 00:00:20.478000,INTERMEDIATE,3.0,,
ALO,0 days 00:01:45.047000,0 days 00:00:37.547000,0 days 00:00:47.034000,0 days 00:00:20.466000,INTERMEDIATE,4.0,,
ALO,0 days 00:01:46.296000,0 days 00:00:38.267000,0 days 00:00:47.299000,0 days 00:00:20.730000,INTERMEDIATE,5.0,,
ALO,0 days 00:01:48.054000,0 days 00:00:38.689000,0 days 00:00:47.779000,0 days 00:00:21.586000,INTERMEDIATE,6.0,,
LEC,0 days 00:02:04.571000,,0 days 00:00:50.051000,0 days 00:00:32.183000,INTERMEDIATE,1.0,,
LEC,,0 days 00:00:56.866000,0 days 00:01:25.741000,0 days 00:00:41.128000,INTERMEDIATE,2.0,,0 days 01:07:42.191000
LEC,,,0 days 00:01:15.238000,0 days 00:00:31.994000,WET,1.0,0 days 03:14:12.106000,
LEC,,0 days 00:01:02.966000,0 days 00:01:11.566000,0 days 00:00:31.444000,WET,2.0,,
LEC,,0 days 00:01:00.942000,0 days 00:01:24.317000,0 days 00:00:36.574000,WET,3.0,,
LEC,0 days 00:01:51.393000,0 days 00:00:40.087000,0 days 00:00:49.689000,0 days 00:00:21.617000,WET,4.0,,
LEC,0 days 00:01:52.863000,0 days 00:00:39.591000,0 days 00:00:49.436000,0 days 00:00:23.836000,WET,5.0,,0 days 03:26:27.669000
LEC,0 days 00:02:12.483000,0 days 00:01:02.661000,0 days 00:00:49.130000,0 days 00:00:20.692000,INTERMEDIATE,1.0,0 days 03:26:53.857000,
LEC,0 days 00:01:46.672000,0 days 00:00:38.309000,0 days 00:00:48.343000,0 days 00:00:20.020000,INTERMEDIATE,2.0,,
LEC,0 days 00:01:44.489000,0 days 00:00:37.550000,0 days 00:00:46.760000,0 days 00:00:20.179000,INTERMEDIATE,3.0,,
LEC,0 days 00:01:45.481000,0 days 00:00:37.634000,0 days 00:00:47.612000,0 days 00:00:20.235000,INTERMEDIATE,4.0,,
LEC,0 days 00:01:46.628000,0 days 00:00:38.022000,0 days 00:00:48.079000,0 days 00:00:20.527000,INTERMEDIATE,5.0,,
LEC,0 days 00:01:47.272000,0 days 00:00:38.598000,0 days 00:00:48.104000,0 days 00:00:20.570000,INTERMEDIATE,6.0,,
LEC,0 days 00:01:48.247000,0 days 00:00:39.081000,0 days 00:00:48.610000,0 days 00:00:20.556000,INTERMEDIATE,7.0,,
LEC,0 days 00:01:48.731000,0 days 00:00:39.376000,0 days 00:00:48.681000,0 days 00:00:20.674000,INTERMEDIATE,8.0,,
LEC,0 days 00:01:48.440000,0 days 00:00:39.316000,0 days 00:00:48.564000,0 days 00:00:20.560000,INTERMEDIATE,9.0,,
LEC,0 days 00:01:48.644000,0 days 00:00:39.486000,0 days 00:00:48.491000,0 days 00:00:20.667000,INTERMEDIATE,10.0,,
LEC,0 days 00:01:48.678000,0 days 00:00:39.513000,0 days 00:00:48.633000,0 days 00:00:20.532000,INTERMEDIATE,11.0,,
LEC,0 days 00:01:48.310000,0 days 00:00:39.388000,0 days 00:00:48.469000,0 days 00:00:20.453000,INTERMEDIATE,12.0,,
LEC,0 days 00:01:48.442000,0 days 00:00:39.413000,0 days 00:00:48.369000,0 days 00:00:20.660000,INTERMEDIATE,13.0,,
LEC,0 days 00:01:48.844000,0 days 00:00:39.712000,0 days 00:00:48.518000,0 days 00:00:20.614000,INTERMEDIATE,14.0,,
LEC,0 days 00:01:48.618000,0 days 00:00:39.546000,0 days 00:00:48.394000,0 days 00:00:20.678000,INTERMEDIATE,15.0,,
LEC,0 days 00:01:49.122000,0 days 00:00:39.784000,0 days 00:00:48.682000,0 days 00:00:20.656000,INTERMEDIATE,16.0,,
LEC,0 days 00:01:50.087000,0 days 00:00:40.313000,0 days 00:00:48.915000,0 days 00:00:20.859000,INTERMEDIATE,17.0,,
LEC,0 days 00:01:49.001000,0 days 00:00:40.008000,0 days 00:00:48.380000,0 days 00:00:20.613000,INTERMEDIATE,18.0,,
LEC,0 days 00:01:49.523000,0 days 00:00:40.204000,0 days 00:00:48.566000,0 days 00:00:20.753000,INTERMEDIATE,19.0,,
LEC,0 days 00:01:49.229000,0 days 00:00:40.203000,0 days 00:00:48.435000,0 days 00:00:20.591000,INTERMEDIATE,20.0,,
LEC,0 days 00:01:50.666000,0 days 00:00:40.192000,0 days 00:00:49.150000,0 days 00:00:21.324000,INTERMEDIATE,21.0,,
STR,0 days 00:02:30.337000,,0 days 00:01:09.085000,0 days 00:00:28.684000,INTERMEDIATE,1.0,,
STR,,0 days 00:00:49.516000,0 days 00:01:25.867000,0 days 00:00:48.878000,INTERMEDIATE,2.0,,0 days 01:08:07.688000
STR,,,0 days 00:01:12.147000,0 days 00:00:29.320000,WET,1.0,0 days 03:14:48.125000,
STR,,0 days 00:00:58.837000,0 days 00:01:17.068000,0 days 00:00:30.022000,WET,2.0,,
STR,,0 days 00:00:57.884000,0 days 00:01:17.256000,0 days 00:00:36.030000,WET,3.0,,
STR,0 days 00:02:00.467000,0 days 00:00:43.860000,0 days 00:00:53.362000,0 days 00:00:23.245000,WET,4.0,,
STR,0 days 00:01:58.562000,0 days 00:00:42.121000,0 days 00:00:51.026000,0 days 00:00:25.415000,WET,5.0,,0 days 03:26:48.328000
STR,0 days 00:02:10.741000,0 days 00:01:00.527000,0 days 00:00:48.937000,0 days 00:00:21.277000,INTERMEDIATE,1.0,0 days 03:27:12.329000,
STR,0 days 00:01:48.388000,0 days 00:00:39.131000,0 days 00:00:48.116000,0 days 00:00:21.141000,INTERMEDIATE,2.0,,
STR,0 days 00:01:48.474000,0 days 00:00:39.243000,0 days 00:00:48.328000,0 days 00:00:20.903000,INTERMEDIATE,3.0,,
STR,0 days 00:01:49.142000,0 days 00:00:40.212000,0 days 00:00:47.869000,0 days 00:00:21.061000,INTERMEDIATE,4.0,,
STR,0 days 00:01:49.389000,0 days 00:00:39.792000,0 days 00:00:48.604000,0 days 00:00:20.993000,INTERMEDIATE,5.0,,
STR,0 days 00:01:48.600000,0 days 00:00:39.229000,0 days 00:00:48.631000,0 days 00:00:20.740000,INTERMEDIATE,6.0,,
STR,0 days 00:01:49.289000,0 days 00:00:39.671000,0 days 00:00:48.738000,0 days 00:00:20.880000,INTERMEDIATE,7.0,,
STR,0 days 00:01:49.281000,0 days 00:00:39.664000,0 days 00:00:48.737000,0 days 00:00:20.880000,INTERMEDIATE,8.0,,
STR,0 days 00:01:49.813000,0 days 00:00:39.803000,0 days 00:00:49.123000,0 days 00:00:20.887000,INTERMEDIATE,9.0,,
STR,0 days 00:01:49.852000,0 days 00:00:40.065000,0 days 00:00:49.052000,0 days 00:00:20.735000,INTERMEDIATE,10.0,,
STR,0 days 00:01:50.399000,0 days 00:00:40.217000,0 days 00:00:49.100000,0 days 00:00:21.082000,INTERMEDIATE,11.0,,
STR,0 days 00:01:52.859000,0 days 00:00:40.362000,0 days 00:00:48.916000,0 days 00:00:23.581000,INTERMEDIATE,12.0,,0 days 03:49:04.548000
STR,0 days 00:02:05.880000,0 days 00:00:58.926000,0 days 00:00:46.630000,0 days 00:00:20.324000,INTERMEDIATE,1.0,0 days 03:49:28.425000,
STR,0 days 00:01:45.205000,0 days 00:00:37.912000,0 days 00:00:46.715000,0 days 00:00:20.578000,INTERMEDIATE,2.0,,
STR,0 days 00:01:47.493000,0 days 00:00:38.579000,0 days 00:00:48.438000,0 days 00:00:20.476000,INTERMEDIATE,3.0,,
STR,0 days 00:01:47.396000,0 days 00:00:38.277000,0 days 00:00:48.026000,0 days 00:00:21.093000,INTERMEDIATE,4.0,,
STR,0 days 00:01:47.181000,0 days 00:00:38.816000,0 days 00:00:47.723000,0 days 00:00:20.642000,INTERMEDIATE,5.0,,
STR,0 days 00:01:47.304000,0 days 00:00:38.521000,0 days 00:00:48.105000,0 days 00:00:20.678000,INTERMEDIATE,6.0,,
STR,0 days 00:01:48.102000,0 days 00:00:38.939000,0 days 00:00:48.358000,0 days 00:00:20.805000,INTERMEDIATE,7.0,,
STR,0 days 00:01:49.672000,0 days 00:00:39.407000,0 days 00:00:49,0 days 00:00:21.265000,INTERMEDIATE,8.0,,
STR,0 days 00:01:49.611000,0 days 00:00:39.591000,0 days 00:00:49.008000,0 days 00:00:21.012000,INTERMEDIATE,9.0,,
MAG,0 days 00:02:32.254000,,0 days 00:01:09.580000,0 days 00:00:29.246000,INTERMEDIATE,1.0,,
MAG,,0 days 00:00:49.176000,0 days 00:01:25.033000,0 days 00:00:49.987000,INTERMEDIATE,2.0,,0 days 01:08:08.950000
MAG,,,0 days 00:01:11.425000,0 days 00:00:29.046000,WET,1.0,0 days 03:14:50.958000,
MAG,,0 days 00:00:59.277000,0 days 00:01:17.310000,0 days 00:00:29.583000,WET,2.0,,
MAG,,0 days 00:00:58.610000,0 days 00:01:16.058000,0 days 00:00:36.114000,WET,3.0,,
MAG,0 days 00:01:58.579000,0 days 00:00:42.973000,0 days 00:00:52.322000,0 days 00:00:23.284000,WET,4.0,,
MAG,0 days 00:01:58.331000,0 days 00:00:41.712000,0 days 00:00:51.438000,0 days 00:00:25.181000,WET,5.0,,0 days 03:26:47.174000
MAG,0 days 00:02:13.938000,0 days 00:01:03.544000,0 days 00:00:48.833000,0 days 00:00:21.561000,INTERMEDIATE,1.0,0 days 03:27:12.773000,
MAG,0 days 00:01:51.148000,0 days 00:00:40.642000,0 days 00:00:49.389000,0 days 00:00:21.117000,INTERMEDIATE,2.0,,
MAG,0 days 00:01:48.072000,0 days 00:00:39.097000,0 days 00:00:48.114000,0 days 00:00:20.861000,INTERMEDIATE,3.0,,
MAG,0 days 00:01:48.123000,0 days 00:00:39.082000,0 days 00:00:48.224000,0 days 00:00:20.817000,INTERMEDIATE,4.0,,
MAG,0 days 00:01:49.322000,0 days 00:00:39.396000,0 days 00:00:48.952000,0 days 00:00:20.974000,INTERMEDIATE,5.0,,
MAG,0 days 00:01:49.350000,0 days 00:00:39.492000,0 days 00:00:48.856000,0 days 00:00:21.002000,INTERMEDIATE,6.0,,
MAG,0 days 00:01:49.649000,0 days 00:00:39.629000,0 days 00:00:49.005000,0 days 00:00:21.015000,INTERMEDIATE,7.0,,
MAG,0 days 00:01:49.655000,0 days 00:00:39.579000,0 days 00:00:49.072000,0 days 00:00:21.004000,INTERMEDIATE,8.0,,
MAG,0 days 00:01:50.801000,0 days 00:00:40.484000,0 days 00:00:49.356000,0 days 00:00:20.961000,INTERMEDIATE,9.0,,
MAG,0 days 00:01:50.282000,0 days 00:00:39.884000,0 days 00:00:49.264000,0 days 00:00:21.134000,INTERMEDIATE,10.0,,
MAG,0 days 00:01:50.493000,0 days 00:00:39.993000,0 days 00:00:49.408000,0 days 00:00:21.092000,INTERMEDIATE,11.0,,
MAG,0 days 00:01:50.283000,0 days 00:00:40.096000,0 days 00:00:49.222000,0 days 00:00:20.965000,INTERMEDIATE,12.0,,
MAG,0 days 00:01:50.514000,0 days 00:00:40.106000,0 days 00:00:49.456000,0 days 00:00:20.952000,INTERMEDIATE,13.0,,
MAG,0 days 00:01:50.526000,0 days 00:00:39.992000,0 days 00:00:49.344000,0 days 00:00:21.190000,INTERMEDIATE,14.0,,
MAG,0 days 00:01:50.634000,0 days 00:00:40.510000,0 days 00:00:49.140000,0 days 00:00:20.984000,INTERMEDIATE,15.0,,
MAG,0 days 00:01:50.168000,0 days 00:00:39.992000,0 days 00:00:49.243000,0 days 00:00:20.933000,INTERMEDIATE,16.0,,
MAG,0 days 00:01:52.046000,0 days 00:00:41.411000,0 days 00:00:49.521000,0 days 00:00:21.114000,INTERMEDIATE,17.0,,
MAG,0 days 00:01:51.458000,0 days 00:00:40.301000,0 days 00:00:49.316000,0 days 00:00:21.841000,INTERMEDIATE,18.0,,
MAG,0 days 00:01:50.432000,0 days 00:00:40.254000,0 days 00:00:49.227000,0 days 00:00:20.951000,INTERMEDIATE,19.0,,
MAG,0 days 00:01:50.317000,0 days 00:00:40.332000,0 days 00:00:49.081000,0 days 00:00:20.904000,INTERMEDIATE,20.0,,
MAG,0 days 00:01:50.125000,0 days 00:00:40.014000,0 days 00:00:49.030000,0 days 00:00:21.081000,INTERMEDIATE,21.0,,
TSU,0 days 00:02:27.133000,,0 days 00:01:08.360000,0 days 00:00:27.716000,INTERMEDIATE,1.0,,
TSU,,0 days 00:00:49.115000,0 days 00:01:26.984000,0 days 00:00:44.865000,INTERMEDIATE,2.0,,0 days 01:08:01.021000
TSU,,,0 days 00:01:14.608000,0 days 00:00:29.393000,WET,1.0,0 days 03:14:43.478000,
TSU,,0 days 00:00:59.477000,0 days 00:01:15.909000,0 days 00:00:30.939000,WET,2.0,,
TSU,,0 days 00:00:57.861000,0 days 00:01:17.915000,0 days 00:00:36.080000,WET,3.0,,
TSU,0 days 00:01:59.016000,0 days 00:00:44.266000,0 days 00:00:52.323000,0 days 00:00:22.427000,WET,4.0,,
TSU,0 days 00:01:58.102000,0 days 00:00:42.046000,0 days 00:00:51.258000,0 days 00:00:24.798000,WET,5.0,,0 days 03:26:44.988000
TSU,0 days 00:02:11.821000,0 days 00:01:02.081000,0 days 00:00:48.706000,0 days 00:00:21.034000,INTERMEDIATE,1.0,0 days 03:27:09.443000,
TSU,0 days 00:01:48.188000,0 days 00:00:38.942000,0 days 00:00:48.163000,0 days 00:00:21.083000,INTERMEDIATE,2.0,,
TSU,0 days 00:01:48.667000,0 days 00:00:39.406000,0 days 00:00:48.314000,0 days 00:00:20.947000,INTERMEDIATE,3.0,,
TSU,0 days 00:01:49.599000,0 days 00:00:39.140000,0 days 00:00:48.705000,0 days 00:00:21.754000,INTERMEDIATE,4.0,,
TSU,0 days 00:01:48.769000,0 days 00:00:39.346000,0 days 00:00:48.455000,0 days 00:00:20.968000,INTERMEDIATE,5.0,,
TSU,0 days 00:01:48.535000,0 days 00:00:39.380000,0 days 00:00:48.355000,0 days 00:00:20.800000,INTERMEDIATE,6.0,,
TSU,0 days 00:01:48.974000,0 days 00:00:39.788000,0 days 00:00:48.456000,0 days 00:00:20.730000,INTERMEDIATE,7.0,,
TSU,0 days 00:01:50.662000,0 days 00:00:40.219000,0 days 00:00:49.386000,0 days 00:00:21.057000,INTERMEDIATE,8.0,,
TSU,0 days 00:01:50.166000,0 days 00:00:40.201000,0 days 00:00:48.976000,0 days 00:00:20.989000,INTERMEDIATE,9.0,,
TSU,0 days 00:01:50.093000,0 days 00:00:40.146000,0 days 00:00:49.103000,0 days 00:00:20.844000,INTERMEDIATE,10.0,,
TSU,0 days 00:01:50.158000,0 days 00:00:40.211000,0 days 00:00:48.950000,0 days 00:00:20.997000,INTERMEDIATE,11.0,,
TSU,0 days 00:01:50.089000,0 days 00:00:40.135000,0 days 00:00:48.970000,0 days 00:00:20.984000,INTERMEDIATE,12.0,,
TSU,0 days 00:01:52.768000,0 days 00:00:39.976000,0 days 00:00:49.311000,0 days 00:00:23.481000,INTERMEDIATE,13.0,,0 days 03:50:53.489000
TSU,0 days 00:02:08.070000,0 days 00:01:00.408000,0 days 00:00:47.313000,0 days 00:00:20.349000,INTERMEDIATE,1.0,0 days 03:51:17.246000,
TSU,0 days 00:01:45.893000,0 days 00:00:38.143000,0 days 00:00:47.209000,0 days 00:00:20.541000,INTERMEDIATE,2.0,,
TSU,0 days 00:01:47.606000,0 days 00:00:38.968000,0 days 00:00:48.246000,0 days 00:00:20.392000,INTERMEDIATE,3.0,,
TSU,0 days 00:01:47.919000,0 days 00:00:38.786000,0 days 00:00:48.318000,0 days 00:00:20.815000,INTERMEDIATE,4.0,,
TSU,0 days 00:01:49.217000,0 days 00:00:39.854000,0 days 00:00:48.947000,0 days 00:00:20.416000,INTERMEDIATE,5.0,,
TSU,0 days 00:01:47.094000,0 days 00:00:38.717000,0 days 00:00:47.832000,0 days 00:00:20.545000,INTERMEDIATE,6.0,,
TSU,0 days 00:01:47.181000,0 days 00:00:38.751000,0 days 00:00:47.908000,0 days 00:00:20.522000,INTERMEDIATE,7.0,,
TSU,0 days 00:01:47.639000,0 days 00:00:38.627000,0 days 00:00:48.230000,0 days 00:00:20.782000,INTERMEDIATE,8.0,,
ALB,,,,,INTERMEDIATE,1.0,,
ZHO,0 days 00:02:47.346000,,0 days 00:01:21.076000,0 days 00:00:30.983000,INTERMEDIATE,1.0,,
ZHO,,0 days 00:00:47.871000,0 days 00:01:18.669000,0 days 00:00:53.710000,INTERMEDIATE,2.0,,0 days 01:08:20.257000
ZHO,,,0 days 00:00:57.602000,0 days 00:00:31.887000,WET,1.0,0 days 03:15:10.307000,
ZHO,,0 days 00:00:55.336000,0 days 00:01:18.263000,0 days 00:00:31.627000,WET,2.0,,
ZHO,,0 days 00:00:53.770000,0 days 00:01:17.205000,0 days 00:00:34.762000,WET,3.0,,
ZHO,0 days 00:01:57.862000,0 days 00:00:42.425000,0 days 00:00:51.946000,0 days 00:00:23.491000,WET,4.0,,
ZHO,0 days 00:01:54.060000,0 days 00:00:41.123000,0 days 00:00:50.753000,0 days 00:00:22.184000,WET,5.0,,
ZHO,0 days 00:01:53.826000,0 days 00:00:41.422000,0 days 00:00:50.135000,0 days 00:00:22.269000,WET,6.0,,
ZHO,0 days 00:01:55.996000,0 days 00:00:40.450000,0 days 00:00:50.884000,0 days 00:00:24.662000,WET,7.0,,0 days 03:30:37.898000
ZHO,0 days 00:02:10.761000,0 days 00:01:02.202000,0 days 00:00:47.840000,0 days 00:00:20.719000,INTERMEDIATE,1.0,0 days 03:31:02.756000,
ZHO,0 days 00:01:46.008000,0 days 00:00:38.144000,0 days 00:00:47.534000,0 days 00:00:20.330000,INTERMEDIATE,2.0,,
ZHO,0 days 00:01:46.748000,0 days 00:00:38.144000,0 days 00:00:47.957000,0 days 00:00:20.647000,INTERMEDIATE,3.0,,
ZHO,0 days 00:01:47.972000,0 days 00:00:38.784000,0 days 00:00:48.548000,0 days 00:00:20.640000,INTERMEDIATE,4.0,,
ZHO,0 days 00:01:49.791000,0 days 00:00:39.676000,0 days 00:00:49.230000,0 days 00:00:20.885000,INTERMEDIATE,5.0,,
ZHO,0 days 00:01:49.907000,0 days 00:00:39.987000,0 days 00:00:49.123000,0 days 00:00:20.797000,INTERMEDIATE,6.0,,
ZHO,0 days 00:01:50.717000,0 days 00:00:40.198000,0 days 00:00:49.435000,0 days 00:00:21.084000,INTERMEDIATE,7.0,,
ZHO,0 days 00:01:51.073000,0 days 00:00:40.403000,0 days 00:00:49.615000,0 days 00:00:21.055000,INTERMEDIATE,8.0,,
ZHO,0 days 00:01:53.531000,0 days 00:00:40.409000,0 days 00:00:49.485000,0 days 00:00:23.637000,INTERMEDIATE,9.0,,0 days 03:47:24.383000
ZHO,0 days 00:02:07.171000,0 days 00:01:00.170000,0 days 00:00:46.922000,0 days 00:00:20.079000,INTERMEDIATE,1.0,0 days 03:47:48.703000,
ZHO,0 days 00:01:44.411000,0 days 00:00:37.586000,0 days 00:00:46.792000,0 days 00:00:20.033000,INTERMEDIATE,2.0,,
ZHO,0 days 00:01:46.464000,0 days 00:00:38.375000,0 days 00:00:47.733000,0 days 00:00:20.356000,INTERMEDIATE,3.0,,
ZHO,0 days 00:01:46.607000,0 days 00:00:38.351000,0 days 00:00:47.794000,0 days 00:00:20.462000,INTERMEDIATE,4.0,,
ZHO,0 days 00:01:47.907000,0 days 00:00:38.633000,0 days 00:00:48.435000,0 days 00:00:20.839000,INTERMEDIATE,5.0,,
ZHO,0 days 00:01:50.415000,0 days 00:00:40.211000,0 days 00:00:49.212000,0 days 00:00:20.992000,INTERMEDIATE,6.0,,
ZHO,0 days 00:01:47.595000,0 days 00:00:39.016000,0 days 00:00:48.149000,0 days 00:00:20.430000,INTERMEDIATE,7.0,,
ZHO,0 days 00:01:50.343000,0 days 00:00:40.150000,0 days 00:00:49.281000,0 days 00:00:20.912000,INTERMEDIATE,8.0,,
ZHO,0 days 00:01:50.380000,0 days 00:00:40.628000,0 days 00:00:49.143000,0 days 00:00:20.609000,INTERMEDIATE,9.0,,
ZHO,0 days 00:01:49.847000,0 days 00:00:40.256000,0 days 00:00:48.809000,0 days 00:00:20.782000,INTERMEDIATE,10.0,,
RIC,0 days 00:02:24.913000,,0 days 00:01:05.062000,0 days 00:00:29.414000,INTERMEDIATE,1.0,,
RIC,,0 days 00:00:49.385000,0 days 00:01:26.382000,0 days 00:00:43.509000,INTERMEDIATE,2.0,,0 days 01:07:57.229000
RIC,,,0 days 00:01:15.687000,0 days 00:00:29.898000,WET,1.0,0 days 03:14:38.918000,
RIC,,0 days 00:00:59.020000,0 days 00:01:15.875000,0 days 00:00:31.084000,WET,2.0,,
RIC,,0 days 00:00:58.214000,0 days 00:01:18.096000,0 days 00:00:36.571000,WET,3.0,,
RIC,0 days 00:01:58.762000,0 days 00:00:43.875000,0 days 00:00:52.189000,0 days 00:00:22.698000,WET,4.0,,
RIC,0 days 00:01:54.988000,0 days 00:00:41.596000,0 days 00:00:51.047000,0 days 00:00:22.345000,WET,5.0,,
RIC,0 days 00:01:55.504000,0 days 00:00:40.504000,0 days 00:00:50.310000,0 days 00:00:24.690000,WET,6.0,,0 days 03:28:36.827000
RIC,0 days 00:02:14.512000,0 days 00:01:04.241000,0 days 00:00:48.985000,0 days 00:00:21.286000,INTERMEDIATE,1.0,0 days 03:29:02.236000,
RIC,0 days 00:01:48.046000,0 days 00:00:39.136000,0 days 00:00:48.053000,0 days 00:00:20.857000,INTERMEDIATE,2.0,,
RIC,0 days 00:01:47.843000,0 days 00:00:39.036000,0 days 00:00:47.988000,0 days 00:00:20.819000,INTERMEDIATE,3.0,,
RIC,0 days 00:01:48.404000,0 days 00:00:39.123000,0 days 00:00:48.440000,0 days 00:00:20.841000,INTERMEDIATE,4.0,,
RIC,0 days 00:01:48.845000,0 days 00:00:39.403000,0 days 00:00:48.505000,0 days 00:00:20.937000,INTERMEDIATE,5.0,,
RIC,0 days 00:01:49.269000,0 days 00:00:39.700000,0 days 00:00:48.771000,0 days 00:00:20.798000,INTERMEDIATE,6.0,,
RIC,0 days 00:01:49.927000,0 days 00:00:39.815000,0 days 00:00:49.101000,0 days 00:00:21.011000,INTERMEDIATE,7.0,,
RIC,0 days 00:01:50.509000,0 days 00:00:40.240000,0 days 00:00:49.464000,0 days 00:00:20.805000,INTERMEDIATE,8.0,,
RIC,0 days 00:01:50.327000,0 days 00:00:40.134000,0 days 00:00:49.391000,0 days 00:00:20.802000,INTERMEDIATE,9.0,,
RIC,0 days 00:01:50.202000,0 days 00:00:40.055000,0 days 00:00:49.206000,0 days 00:00:20.941000,INTERMEDIATE,10.0,,
RIC,0 days 00:01:50.807000,0 days 00:00:40.366000,0 days 00:00:49.571000,0 days 00:00:20.870000,INTERMEDIATE,11.0,,
RIC,0 days 00:01:49.513000,0 days 00:00:39.657000,0 days 00:00:49.090000,0 days 00:00:20.766000,INTERMEDIATE,12.0,,
RIC,0 days 00:01:49.453000,0 days 00:00:39.760000,0 days 00:00:48.947000,0 days 00:00:20.746000,INTERMEDIATE,13.0,,
RIC,0 days 00:01:49.177000,0 days 00:00:39.668000,0 days 00:00:48.742000,0 days 00:00:20.767000,INTERMEDIATE,14.0,,
RIC,0 days 00:01:49.707000,0 days 00:00:39.948000,0 days 00:00:48.961000,0 days 00:00:20.798000,INTERMEDIATE,15.0,,
RIC,0 days 00:01:49.624000,0 days 00:00:39.897000,0 days 00:00:48.721000,0 days 00:00:21.006000,INTERMEDIATE,16.0,,
RIC,0 days 00:01:49.437000,0 days 00:00:40.069000,0 days 00:00:48.534000,0 days 00:00:20.834000,INTERMEDIATE,17.0,,
RIC,0 days 00:01:49.538000,0 days 00:00:40.056000,0 days 00:00:48.613000,0 days 00:00:20.869000,INTERMEDIATE,18.0,,
RIC,0 days 00:01:49.793000,0 days 00:00:40.159000,0 days 00:00:48.780000,0 days 00:00:20.854000,INTERMEDIATE,19.0,,
RIC,0 days 00:01:49.565000,0 days 00:00:40.110000,0 days 00:00:48.622000,0 days 00:00:20.833000,INTERMEDIATE,20.0,,
OCO,0 days 00:02:12.607000,,0 days 00:00:57.190000,0 days 00:00:29.025000,INTERMEDIATE,1.0,,
OCO,,0 days 00:00:52.520000,0 days 00:01:26.381000,0 days 00:00:40.665000,INTERMEDIATE,2.0,,0 days 01:07:46.585000
OCO,,,0 days 00:01:16.335000,0 days 00:00:31.657000,WET,1.0,0 days 03:14:20.101000,
OCO,,0 days 00:01:01.310000,0 days 00:01:12.375000,0 days 00:00:31.605000,WET,2.0,,
OCO,,0 days 00:00:59.584000,0 days 00:01:23.472000,0 days 00:00:37.073000,WET,3.0,,
OCO,0 days 00:01:54.730000,0 days 00:00:41.806000,0 days 00:00:50.514000,0 days 00:00:22.410000,WET,4.0,,
OCO,0 days 00:01:54.890000,0 days 00:00:40.190000,0 days 00:00:49.982000,0 days 00:00:24.718000,WET,5.0,,0 days 03:26:34.998000
OCO,0 days 00:02:11.686000,0 days 00:01:02.274000,0 days 00:00:48.534000,0 days 00:00:20.878000,INTERMEDIATE,1.0,0 days 03:27:00.481000,
OCO,0 days 00:01:48.747000,0 days 00:00:38.791000,0 days 00:00:47.865000,0 days 00:00:22.091000,INTERMEDIATE,2.0,,
OCO,0 days 00:01:48.104000,0 days 00:00:38.584000,0 days 00:00:49.066000,0 days 00:00:20.454000,INTERMEDIATE,3.0,,
OCO,0 days 00:01:46.559000,0 days 00:00:38.142000,0 days 00:00:47.634000,0 days 00:00:20.783000,INTERMEDIATE,4.0,,
OCO,0 days 00:01:47.152000,0 days 00:00:38.377000,0 days 00:00:47.974000,0 days 00:00:20.801000,INTERMEDIATE,5.0,,
OCO,0 days 00:01:47.106000,0 days 00:00:38.468000,0 days 00:00:47.734000,0 days 00:00:20.904000,INTERMEDIATE,6.0,,
OCO,0 days 00:01:47.560000,0 days 00:00:38.618000,0 days 00:00:48.170000,0 days 00:00:20.772000,INTERMEDIATE,7.0,,
OCO,0 days 00:01:48.178000,0 days 00:00:38.877000,0 days 00:00:48.543000,0 days 00:00:20.758000,INTERMEDIATE,8.0,,
OCO,0 days 00:01:48.364000,0 days 00:00:38.858000,0 days 00:00:48.661000,0 days 00:00:20.845000,INTERMEDIATE,9.0,,
OCO,0 days 00:01:48.958000,0 days 00:00:39.090000,0 days 00:00:48.786000,0 days 00:00:21.082000,INTERMEDIATE,10.0,,
OCO,0 days 00:01:48.428000,0 days 00:00:39.213000,0 days 00:00:48.602000,0 days 00:00:20.613000,INTERMEDIATE,11.0,,
OCO,0 days 00:01:49.109000,0 days 00:00:39.229000,0 days 00:00:48.883000,0 days 00:00:20.997000,INTERMEDIATE,12.0,,
OCO,0 days 00:01:49.271000,0 days 00:00:39.277000,0 days 00:00:49.065000,0 days 00:00:20.929000,INTERMEDIATE,13.0,,
OCO,0 days 00:01:49.012000,0 days 00:00:39.433000,0 days 00:00:48.616000,0 days 00:00:20.963000,INTERMEDIATE,14.0,,
OCO,0 days 00:01:49.454000,0 days 00:00:39.520000,0 days 00:00:49.088000,0 days 00:00:20.846000,INTERMEDIATE,15.0,,
OCO,0 days 00:01:49.121000,0 days 00:00:39.724000,0 days 00:00:48.590000,0 days 00:00:20.807000,INTERMEDIATE,16.0,,
OCO,0 days 00:01:49.213000,0 days 00:00:39.639000,0 days 00:00:48.700000,0 days 00:00:20.874000,INTERMEDIATE,17.0,,
OCO,0 days 00:01:49.260000,0 days 00:00:39.796000,0 days 00:00:48.626000,0 days 00:00:20.838000,INTERMEDIATE,18.0,,
OCO,0 days 00:01:49.064000,0 days 00:00:39.668000,0 days 00:00:48.598000,0 days 00:00:20.798000,INTERMEDIATE,19.0,,
OCO,0 days 00:01:49.261000,0 days 00:00:39.721000,0 days 00:00:48.571000,0 days 00:00:20.969000,INTERMEDIATE,20.0,,
OCO,0 days 00:01:49.582000,0 days 00:00:39.607000,0 days 00:00:48.911000,0 days 00:00:21.064000,INTERMEDIATE,21.0,,
NOR,0 days 00:02:34.186000,,0 days 00:01:12.442000,0 days 00:00:29.527000,INTERMEDIATE,1.0,,
NOR,,0 days 00:00:49.675000,0 days 00:01:24.068000,0 days 00:00:50.056000,INTERMEDIATE,2.0,,0 days 01:08:10.398000
NOR,,,0 days 00:01:07.825000,0 days 00:00:28.926000,WET,1.0,0 days 03:14:56.622000,
NOR,,0 days 00:00:59.637000,0 days 00:01:17.062000,0 days 00:00:30.890000,WET,2.0,,
NOR,,0 days 00:00:57.057000,0 days 00:01:15.554000,0 days 00:00:36.800000,WET,3.0,,
NOR,0 days 00:02:02.340000,0 days 00:00:42.696000,0 days 00:00:53.606000,0 days 00:00:26.038000,WET,4.0,,0 days 03:24:53.737000
NOR,0 days 00:02:11.652000,0 days 00:01:01.495000,0 days 00:00:48.905000,0 days 00:00:21.252000,INTERMEDIATE,1.0,0 days 03:25:18.639000,
NOR,0 days 00:01:48.175000,0 days 00:00:38.650000,0 days 00:00:48.517000,0 days 00:00:21.008000,INTERMEDIATE,2.0,,
NOR,0 days 00:01:48.837000,0 days 00:00:39.036000,0 days 00:00:48.557000,0 days 00:00:21.244000,INTERMEDIATE,3.0,,
NOR,0 days 00:01:48.942000,0 days 00:00:39.521000,0 days 00:00:48.570000,0 days 00:00:20.851000,INTERMEDIATE,4.0,,
NOR,0 days 00:01:50.127000,0 days 00:00:39.345000,0 days 00:00:49.719000,0 days 00:00:21.063000,INTERMEDIATE,5.0,,
NOR,0 days 00:01:48.984000,0 days 00:00:39.391000,0 days 00:00:48.674000,0 days 00:00:20.919000,INTERMEDIATE,6.0,,
NOR,0 days 00:01:48.788000,0 days 00:00:39.186000,0 days 00:00:48.723000,0 days 00:00:20.879000,INTERMEDIATE,7.0,,
NOR,0 days 00:01:49.358000,0 days 00:00:39.613000,0 days 00:00:48.834000,0 days 00:00:20.911000,INTERMEDIATE,8.0,,
NOR,0 days 00:01:50.540000,0 days 00:00:39.557000,0 days 00:00:49.234000,0 days 00:00:21.749000,INTERMEDIATE,9.0,,
NOR,0 days 00:01:50.681000,0 days 00:00:40.268000,0 days 00:00:49.350000,0 days 00:00:21.063000,INTERMEDIATE,10.0,,
NOR,0 days 00:01:50.079000,0 days 00:00:39.724000,0 days 00:00:49.376000,0 days 00:00:20.979000,INTERMEDIATE,11.0,,
NOR,0 days 00:01:49.576000,0 days 00:00:39.801000,0 days 00:00:48.831000,0 days 00:00:20.944000,INTERMEDIATE,12.0,,
NOR,0 days 00:01:49.717000,0 days 00:00:40.054000,0 days 00:00:48.812000,0 days 00:00:20.851000,INTERMEDIATE,13.0,,
NOR,0 days 00:01:49.913000,0 days 00:00:39.898000,0 days 00:00:49.057000,0 days 00:00:20.958000,INTERMEDIATE,14.0,,
NOR,0 days 00:01:49.723000,0 days 00:00:39.893000,0 days 00:00:48.960000,0 days 00:00:20.870000,INTERMEDIATE,15.0,,
NOR,0 days 00:01:49.339000,0 days 00:00:39.726000,0 days 00:00:48.655000,0 days 00:00:20.958000,INTERMEDIATE,16.0,,
NOR,0 days 00:01:50.008000,0 days 00:00:39.657000,0 days 00:00:48.602000,0 days 00:00:21.749000,INTERMEDIATE,17.0,,
NOR,0 days 00:01:49.644000,0 days 00:00:39.929000,0 days 00:00:48.676000,0 days 00:00:21.039000,INTERMEDIATE,18.0,,
NOR,0 days 00:01:50.130000,0 days 00:00:40.236000,0 days 00:00:48.780000,0 days 00:00:21.114000,INTERMEDIATE,19.0,,
NOR,0 days 00:01:50.237000,0 days 00:00:40.278000,0 days 00:00:48.729000,0 days 00:00:21.230000,INTERMEDIATE,20.0,,
NOR,0 days 00:01:50.435000,0 days 00:00:40.325000,0 days 00:00:48.689000,0 days 00:00:21.421000,INTERMEDIATE,21.0,,
NOR,0 days 00:01:50.653000,0 days 00:00:40.314000,0 days 00:00:48.880000,0 days 00:00:21.459000,INTERMEDIATE,22.0,,
HAM,0 days 00:02:16.349000,,0 days 00:01:00.145000,0 days 00:00:28.703000,INTERMEDIATE,2.0,,
HAM,,0 days 00:00:51.124000,0 days 00:01:26.698000,0 days 00:00:42.309000,INTERMEDIATE,3.0,,0 days 01:07:49.228000
HAM,,,0 days 00:01:16.066000,0 days 00:00:32.622000,WET,2.0,0 days 03:14:25.767000,
HAM,,0 days 00:00:59.333000,0 days 00:01:14.640000,0 days 00:00:32.419000,WET,3.0,,
HAM,,0 days 00:00:56.319000,0 days 00:01:23.056000,0 days 00:00:36.747000,WET,4.0,,
HAM,0 days 00:01:55.173000,0 days 00:00:42.391000,0 days 00:00:50.761000,0 days 00:00:22.021000,WET,5.0,,
HAM,0 days 00:01:55.367000,0 days 00:00:40.756000,0 days 00:00:50.278000,0 days 00:00:24.333000,WET,6.0,,0 days 03:26:36.289000
HAM,0 days 00:02:12.216000,0 days 00:01:02.594000,0 days 00:00:48.545000,0 days 00:00:21.077000,INTERMEDIATE,4.0,0 days 03:27:01.427000,
HAM,0 days 00:01:47.518000,0 days 00:00:38.683000,0 days 00:00:47.631000,0 days 00:00:21.204000,INTERMEDIATE,5.0,,
HAM,0 days 00:01:49.566000,0 days 00:00:38.889000,0 days 00:00:48.525000,0 days 00:00:22.152000,INTERMEDIATE,6.0,,
HAM,0 days 00:01:45.530000,0 days 00:00:37.815000,0 days 00:00:47.230000,0 days 00:00:20.485000,INTERMEDIATE,7.0,,
HAM,0 days 00:01:47.030000,0 days 00:00:38.580000,0 days 00:00:47.924000,0 days 00:00:20.526000,INTERMEDIATE,8.0,,
HAM,0 days 00:01:46.816000,0 days 00:00:38.421000,0 days 00:00:47.845000,0 days 00:00:20.550000,INTERMEDIATE,9.0,,
HAM,0 days 00:01:47.378000,0 days 00:00:38.837000,0 days 00:00:48.047000,0 days 00:00:20.494000,INTERMEDIATE,10.0,,
HAM,0 days 00:01:48.212000,0 days 00:00:39.195000,0 days 00:00:48.132000,0 days 00:00:20.885000,INTERMEDIATE,11.0,,
HAM,0 days 00:01:48.283000,0 days 00:00:39.207000,0 days 00:00:48.287000,0 days 00:00:20.789000,INTERMEDIATE,12.0,,
HAM,0 days 00:01:48.915000,0 days 00:00:39.316000,0 days 00:00:48.293000,0 days 00:00:21.306000,INTERMEDIATE,13.0,,
HAM,0 days 00:01:48.663000,0 days 00:00:39.681000,0 days 00:00:48.060000,0 days 00:00:20.922000,INTERMEDIATE,14.0,,
HAM,0 days 00:01:48.808000,0 days 00:00:39.421000,0 days 00:00:48.180000,0 days 00:00:21.207000,INTERMEDIATE,15.0,,
HAM,0 days 00:01:49.315000,0 days 00:00:39.789000,0 days 00:00:48.365000,0 days 00:00:21.161000,INTERMEDIATE,16.0,,
HAM,0 days 00:01:49.202000,0 days 00:00:39.698000,0 days 00:00:48.598000,0 days 00:00:20.906000,INTERMEDIATE,17.0,,
HAM,0 days 00:01:49.239000,0 days 00:00:39.481000,0 days 00:00:49.034000,0 days 00:00:20.724000,INTERMEDIATE,18.0,,
HAM,0 days 00:01:49.380000,0 days 00:00:40,0 days 00:00:48.541000,0 days 00:00:20.839000,INTERMEDIATE,19.0,,
HAM,0 days 00:01:48.944000,0 days 00:00:39.558000,0 days 00:00:48.441000,0 days 00:00:20.945000,INTERMEDIATE,20.0,,
HAM,0 days 00:01:49.457000,0 days 00:00:40.124000,0 days 00:00:48.643000,0 days 00:00:20.690000,INTERMEDIATE,21.0,,
HAM,0 days 00:01:49.461000,0 days 00:00:39.764000,0 days 00:00:48.411000,0 days 00:00:21.286000,INTERMEDIATE,22.0,,
HAM,0 days 00:01:48.784000,0 days 00:00:39.179000,0 days 00:00:48.734000,0 days 00:00:20.871000,INTERMEDIATE,23.0,,
HAM,0 days 00:01:49.835000,0 days 00:00:39.431000,0 days 00:00:48.806000,0 days 00:00:21.598000,INTERMEDIATE,24.0,,
MSC,0 days 00:02:28.607000,,0 days 00:01:08.938000,0 days 00:00:28.217000,INTERMEDIATE,1.0,,
MSC,,0 days 00:00:49.489000,0 days 00:01:25.907000,0 days 00:00:47.332000,INTERMEDIATE,2.0,,0 days 01:08:04.684000
MSC,,,0 days 00:01:13.371000,0 days 00:00:29.059000,WET,1.0,0 days 03:14:45.487000,
MSC,,0 days 00:00:59.376000,0 days 00:01:16.975000,0 days 00:00:29.988000,WET,2.0,,
MSC,,0 days 00:00:57.800000,0 days 00:01:17.771000,0 days 00:00:36.362000,WET,3.0,,
MSC,0 days 00:01:59.530000,0 days 00:00:43.772000,0 days 00:00:52.635000,0 days 00:00:23.123000,WET,4.0,,
MSC,0 days 00:01:55.038000,0 days 00:00:41.561000,0 days 00:00:51.226000,0 days 00:00:22.251000,WET,5.0,,
MSC,0 days 00:01:53.513000,0 days 00:00:40.957000,0 days 00:00:50.665000,0 days 00:00:21.891000,WET,6.0,,
MSC,0 days 00:01:54.213000,0 days 00:00:41.281000,0 days 00:00:50.929000,0 days 00:00:22.003000,WET,7.0,,
MSC,0 days 00:01:54.672000,0 days 00:00:41.346000,0 days 00:00:50.894000,0 days 00:00:22.432000,WET,8.0,,
MSC,0 days 00:02:00.481000,0 days 00:00:42.023000,0 days 00:00:52.914000,0 days 00:00:25.544000,WET,9.0,,0 days 03:34:26.153000
MSC,0 days 00:02:09.854000,0 days 00:01:01.802000,0 days 00:00:47.177000,0 days 00:00:20.875000,INTERMEDIATE,1.0,0 days 03:34:51.093000,
MSC,0 days 00:01:46.545000,0 days 00:00:38.130000,0 days 00:00:47.404000,0 days 00:00:21.011000,INTERMEDIATE,2.0,,
MSC,0 days 00:01:47.094000,0 days 00:00:38.371000,0 days 00:00:47.542000,0 days 00:00:21.181000,INTERMEDIATE,3.0,,
MSC,0 days 00:01:48.285000,0 days 00:00:39.194000,0 days 00:00:48.041000,0 days 00:00:21.050000,INTERMEDIATE,4.0,,
MSC,0 days 00:01:48.209000,0 days 00:00:39.350000,0 days 00:00:47.938000,0 days 00:00:20.921000,INTERMEDIATE,5.0,,
MSC,0 days 00:01:49.170000,0 days 00:00:39.482000,0 days 00:00:48.584000,0 days 00:00:21.104000,INTERMEDIATE,6.0,,
MSC,0 days 00:01:49.611000,0 days 00:00:39.707000,0 days 00:00:48.766000,0 days 00:00:21.138000,INTERMEDIATE,7.0,,
MSC,0 days 00:01:49.631000,0 days 00:00:39.734000,0 days 00:00:48.565000,0 days 00:00:21.332000,INTERMEDIATE,8.0,,
MSC,0 days 00:01:49.941000,0 days 00:00:39.615000,0 days 00:00:49.007000,0 days 00:00:21.319000,INTERMEDIATE,9.0,,
MSC,0 days 00:01:49.530000,0 days 00:00:39.803000,0 days 00:00:48.442000,0 days 00:00:21.285000,INTERMEDIATE,10.0,,
MSC,0 days 00:01:51.956000,0 days 00:00:39.951000,0 days 00:00:50.881000,0 days 00:00:21.124000,INTERMEDIATE,11.0,,
MSC,0 days 00:01:50.564000,0 days 00:00:39.572000,0 days 00:00:49.020000,0 days 00:00:21.972000,INTERMEDIATE,12.0,,
MSC,0 days 00:01:51.728000,0 days 00:00:40.311000,0 days 00:00:49.197000,0 days 00:00:22.220000,INTERMEDIATE,13.0,,
MSC,0 days 00:01:51.770000,0 days 00:00:41.161000,0 days 00:00:49.148000,0 days 00:00:21.461000,INTERMEDIATE,14.0,,
MSC,0 days 00:01:50.227000,0 days 00:00:40.091000,0 days 00:00:48.970000,0 days 00:00:21.166000,INTERMEDIATE,15.0,,
MSC,0 days 00:01:50.332000,0 days 00:00:40.199000,0 days 00:00:48.992000,0 days 00:00:21.141000,INTERMEDIATE,16.0,,
MSC,0 days 00:01:50.417000,0 days 00:00:40.067000,0 days 00:00:48.711000,0 days 00:00:21.639000,INTERMEDIATE,17.0,,
VET,0 days 00:02:42.377000,,0 days 00:01:13.884000,0 days 00:00:27.027000,INTERMEDIATE,1.0,,
VET,,0 days 00:00:51.882000,0 days 00:01:18.504000,0 days 00:00:52.750000,INTERMEDIATE,2.0,,0 days 01:08:18.111000
VET,,,0 days 00:00:58.601000,0 days 00:00:31.109000,WET,1.0,0 days 03:15:07.761000,
VET,,0 days 00:00:56.207000,0 days 00:01:18.332000,0 days 00:00:31.029000,WET,2.0,,
VET,,0 days 00:00:54.239000,0 days 00:01:16.999000,0 days 00:00:38.152000,WET,3.0,,0 days 03:22:58.221000
VET,0 days 00:02:12.958000,0 days 00:01:02.386000,0 days 00:00:49.091000,0 days 00:00:21.481000,INTERMEDIATE,1.0,0 days 03:23:22.516000,
VET,0 days 00:01:48.401000,0 days 00:00:39.319000,0 days 00:00:48.011000,0 days 00:00:21.071000,INTERMEDIATE,2.0,,
VET,0 days 00:01:50.163000,0 days 00:00:40.200000,0 days 00:00:48.568000,0 days 00:00:21.395000,INTERMEDIATE,3.0,,
VET,0 days 00:01:48.638000,0 days 00:00:39.680000,0 days 00:00:47.869000,0 days 00:00:21.089000,INTERMEDIATE,4.0,,
VET,0 days 00:01:48.481000,0 days 00:00:39.339000,0 days 00:00:47.988000,0 days 00:00:21.154000,INTERMEDIATE,5.0,,
VET,0 days 00:01:50.458000,0 days 00:00:41.188000,0 days 00:00:48.414000,0 days 00:00:20.856000,INTERMEDIATE,6.0,,
VET,0 days 00:01:47.053000,0 days 00:00:38.634000,0 days 00:00:47.725000,0 days 00:00:20.694000,INTERMEDIATE,7.0,,
VET,0 days 00:01:46.964000,0 days 00:00:38.504000,0 days 00:00:47.671000,0 days 00:00:20.789000,INTERMEDIATE,8.0,,
VET,0 days 00:01:46.988000,0 days 00:00:38.333000,0 days 00:00:47.810000,0 days 00:00:20.845000,INTERMEDIATE,9.0,,
VET,0 days 00:01:47.746000,0 days 00:00:38.582000,0 days 00:00:48.163000,0 days 00:00:21.001000,INTERMEDIATE,10.0,,
VET,0 days 00:01:48.222000,0 days 00:00:38.628000,0 days 00:00:48.558000,0 days 00:00:21.036000,INTERMEDIATE,11.0,,
VET,0 days 00:01:48.993000,0 days 00:00:39.159000,0 days 00:00:48.596000,0 days 00:00:21.238000,INTERMEDIATE,12.0,,
VET,0 days 00:01:48.714000,0 days 00:00:39.014000,0 days 00:00:48.678000,0 days 00:00:21.022000,INTERMEDIATE,13.0,,
VET,0 days 00:01:48.624000,0 days 00:00:39.143000,0 days 00:00:48.480000,0 days 00:00:21.001000,INTERMEDIATE,14.0,,
VET,0 days 00:01:49.064000,0 days 00:00:39.130000,0 days 00:00:48.854000,0 days 00:00:21.080000,INTERMEDIATE,15.0,,
VET,0 days 00:01:48.803000,0 days 00:00:39.219000,0 days 00:00:48.539000,0 days 00:00:21.045000,INTERMEDIATE,16.0,,
VET,0 days 00:01:49.224000,0 days 00:00:39.325000,0 days 00:00:48.704000,0 days 00:00:21.195000,INTERMEDIATE,17.0,,
VET,0 days 00:01:48.978000,0 days 00:00:39.266000,0 days 00:00:48.689000,0 days 00:00:21.023000,INTERMEDIATE,18.0,,
VET,0 days 00:01:49.423000,0 days 00:00:39.431000,0 days 00:00:48.848000,0 days 00:00:21.144000,INTERMEDIATE,19.0,,
VET,0 days 00:01:49.208000,0 days 00:00:39.430000,0 days 00:00:48.720000,0 days 00:00:21.058000,INTERMEDIATE,20.0,,
VET,0 days 00:01:49.358000,0 days 00:00:39.523000,0 days 00:00:48.770000,0 days 00:00:21.065000,INTERMEDIATE,21.0,,
VET,0 days 00:01:49.822000,0 days 00:00:39.667000,0 days 00:00:49.040000,0 days 00:00:21.115000,INTERMEDIATE,22.0,,
VET,0 days 00:01:50.368000,0 days 00:00:39.498000,0 days 00:00:48.727000,0 days 00:00:22.143000,INTERMEDIATE,23.0,,
SAI,,,,,INTERMEDIATE,1.0,,
LAT,0 days 00:02:38.944000,,0 days 00:01:13.208000,0 days 00:00:30.693000,INTERMEDIATE,1.0,,
LAT,,0 days 00:00:51.339000,0 days 00:01:21.193000,0 days 00:00:51.202000,INTERMEDIATE,2.0,,0 days 01:08:15.262000
LAT,,,0 days 00:00:58.076000,0 days 00:00:30.026000,WET,1.0,0 days 03:15:02.611000,
LAT,,0 days 00:00:58.947000,0 days 00:01:18.392000,0 days 00:00:30.133000,WET,2.0,,
LAT,,0 days 00:00:55.548000,0 days 00:01:17.757000,0 days 00:00:38.232000,WET,3.0,,0 days 03:22:57.822000
LAT,0 days 00:02:15.690000,0 days 00:01:04.083000,0 days 00:00:50.282000,0 days 00:00:21.325000,INTERMEDIATE,1.0,0 days 03:23:22.630000,
LAT,0 days 00:01:48.663000,0 days 00:00:39.729000,0 days 00:00:48.035000,0 days 00:00:20.899000,INTERMEDIATE,2.0,,
LAT,0 days 00:01:49.015000,0 days 00:00:39.485000,0 days 00:00:48.261000,0 days 00:00:21.269000,INTERMEDIATE,3.0,,
LAT,0 days 00:01:50.071000,0 days 00:00:40.211000,0 days 00:00:48.830000,0 days 00:00:21.030000,INTERMEDIATE,4.0,,
LAT,0 days 00:01:48.919000,0 days 00:00:39.974000,0 days 00:00:48.139000,0 days 00:00:20.806000,INTERMEDIATE,5.0,,
LAT,0 days 00:01:49.947000,0 days 00:00:39.530000,0 days 00:00:49.510000,0 days 00:00:20.907000,INTERMEDIATE,6.0,,
LAT,0 days 00:01:48.371000,0 days 00:00:39.336000,0 days 00:00:48.113000,0 days 00:00:20.922000,INTERMEDIATE,7.0,,
LAT,0 days 00:01:48.641000,0 days 00:00:39.626000,0 days 00:00:48.184000,0 days 00:00:20.831000,INTERMEDIATE,8.0,,
LAT,0 days 00:01:48.606000,0 days 00:00:39.771000,0 days 00:00:48.102000,0 days 00:00:20.733000,INTERMEDIATE,9.0,,
LAT,0 days 00:01:49.155000,0 days 00:00:39.627000,0 days 00:00:48.616000,0 days 00:00:20.912000,INTERMEDIATE,10.0,,
LAT,0 days 00:01:48.893000,0 days 00:00:39.526000,0 days 00:00:48.457000,0 days 00:00:20.910000,INTERMEDIATE,11.0,,
LAT,0 days 00:01:49.366000,0 days 00:00:39.716000,0 days 00:00:48.607000,0 days 00:00:21.043000,INTERMEDIATE,12.0,,
LAT,0 days 00:01:49.570000,0 days 00:00:39.713000,0 days 00:00:49.005000,0 days 00:00:20.852000,INTERMEDIATE,13.0,,
LAT,0 days 00:01:49.954000,0 days 00:00:39.945000,0 days 00:00:48.911000,0 days 00:00:21.098000,INTERMEDIATE,14.0,,
LAT,0 days 00:01:51.084000,0 days 00:00:40.499000,0 days 00:00:49.434000,0 days 00:00:21.151000,INTERMEDIATE,15.0,,
LAT,0 days 00:01:50.594000,0 days 00:00:40.332000,0 days 00:00:49.033000,0 days 00:00:21.229000,INTERMEDIATE,16.0,,
LAT,0 days 00:01:50.087000,0 days 00:00:40.182000,0 days 00:00:48.732000,0 days 00:00:21.173000,INTERMEDIATE,17.0,,
LAT,0 days 00:01:49.876000,0 days 00:00:40.042000,0 days 00:00:48.685000,0 days 00:00:21.149000,INTERMEDIATE,18.0,,
LAT,0 days 00:01:51.378000,0 days 00:00:40.971000,0 days 00:00:49.200000,0 days 00:00:21.207000,INTERMEDIATE,19.0,,
LAT,0 days 00:01:50.665000,0 days 00:00:40.299000,0 days 00:00:49.129000,0 days 00:00:21.237000,INTERMEDIATE,20.0,,
LAT,0 days 00:01:50.697000,0 days 00:00:40.246000,0 days 00:00:49.225000,0 days 00:00:21.226000,INTERMEDIATE,21.0,,
LAT,0 days 00:01:50.878000,0 days 00:00:40.321000,0 days 00:00:49.196000,0 days 00:00:21.361000,INTERMEDIATE,22.0,,
LAT,0 days 00:01:50.706000,0 days 00:00:40.192000,0 days 00:00:49.287000,0 days 00:00:21.227000,INTERMEDIATE,23.0,,
RUS,0 days 00:02:22.299000,,0 days 00:01:03.210000,0 days 00:00:29.948000,INTERMEDIATE,1.0,,
RUS,,0 days 00:00:49.395000,0 days 00:01:27.621000,0 days 00:00:42.707000,INTERMEDIATE,2.0,,0 days 01:07:54.715000
RUS,,,0 days 00:01:18.253000,0 days 00:00:30.780000,WET,1.0,0 days 03:14:35.727000,
RUS,,0 days 00:00:58.915000,0 days 00:01:15.949000,0 days 00:00:31.647000,WET,2.0,,
RUS,,0 days 00:00:55.854000,0 days 00:01:20.757000,0 days 00:00:36.369000,WET,3.0,,
RUS,0 days 00:01:57.437000,0 days 00:00:43.434000,0 days 00:00:51.801000,0 days 00:00:22.202000,WET,4.0,,
RUS,0 days 00:01:56.796000,0 days 00:00:41.598000,0 days 00:00:50.430000,0 days 00:00:24.768000,WET,5.0,,0 days 03:26:41.018000
RUS,0 days 00:02:16.643000,0 days 00:01:06.485000,0 days 00:00:49.106000,0 days 00:00:21.052000,INTERMEDIATE,3.0,0 days 03:27:09.779000,
RUS,0 days 00:01:48.586000,0 days 00:00:39.421000,0 days 00:00:48.417000,0 days 00:00:20.748000,INTERMEDIATE,4.0,,
RUS,0 days 00:01:48.568000,0 days 00:00:39.390000,0 days 00:00:48.378000,0 days 00:00:20.800000,INTERMEDIATE,5.0,,
RUS,0 days 00:01:48.944000,0 days 00:00:39.181000,0 days 00:00:48.615000,0 days 00:00:21.148000,INTERMEDIATE,6.0,,
RUS,0 days 00:01:48.830000,0 days 00:00:39.667000,0 days 00:00:48.363000,0 days 00:00:20.800000,INTERMEDIATE,7.0,,
RUS,0 days 00:01:48.439000,0 days 00:00:39.348000,0 days 00:00:48.322000,0 days 00:00:20.769000,INTERMEDIATE,8.0,,
RUS,0 days 00:01:49.056000,0 days 00:00:39.821000,0 days 00:00:48.555000,0 days 00:00:20.680000,INTERMEDIATE,9.0,,
RUS,0 days 00:01:48.365000,0 days 00:00:39.376000,0 days 00:00:48.182000,0 days 00:00:20.807000,INTERMEDIATE,10.0,,
RUS,0 days 00:01:48.384000,0 days 00:00:39.701000,0 days 00:00:48.083000,0 days 00:00:20.600000,INTERMEDIATE,11.0,,
RUS,0 days 00:01:48.416000,0 days 00:00:39.320000,0 days 00:00:48.369000,0 days 00:00:20.727000,INTERMEDIATE,12.0,,
RUS,0 days 00:01:48.877000,0 days 00:00:39.373000,0 days 00:00:48.680000,0 days 00:00:20.824000,INTERMEDIATE,13.0,,
RUS,0 days 00:01:49.097000,0 days 00:00:39.452000,0 days 00:00:48.647000,0 days 00:00:20.998000,INTERMEDIATE,14.0,,
RUS,0 days 00:01:47.622000,0 days 00:00:39.401000,0 days 00:00:47.585000,0 days 00:00:20.636000,INTERMEDIATE,15.0,,
RUS,0 days 00:01:47.004000,0 days 00:00:38.618000,0 days 00:00:47.880000,0 days 00:00:20.506000,INTERMEDIATE,16.0,,
RUS,0 days 00:01:47.663000,0 days 00:00:38.902000,0 days 00:00:48.143000,0 days 00:00:20.618000,INTERMEDIATE,17.0,,
RUS,0 days 00:01:48.097000,0 days 00:00:39.083000,0 days 00:00:48.187000,0 days 00:00:20.827000,INTERMEDIATE,18.0,,
RUS,0 days 00:01:48.055000,0 days 00:00:39.160000,0 days 00:00:48.161000,0 days 00:00:20.734000,INTERMEDIATE,19.0,,
RUS,0 days 00:01:48.738000,0 days 00:00:39.309000,0 days 00:00:48.456000,0 days 00:00:20.973000,INTERMEDIATE,20.0,,
RUS,0 days 00:01:47.709000,0 days 00:00:39.113000,0 days 00:00:48.094000,0 days 00:00:20.502000,INTERMEDIATE,21.0,,
RUS,0 days 00:01:48.359000,0 days 00:00:39.238000,0 days 00:00:48.343000,0 days 00:00:20.778000,INTERMEDIATE,22.0,,
RUS,0 days 00:01:49.685000,0 days 00:00:40.517000,0 days 00:00:48.488000,0 days 00:00:20.680000,INTERMEDIATE,23.0,,
BOT,0 days 00:02:36.668000,,0 days 00:01:11.790000,0 days 00:00:30.112000,INTERMEDIATE,1.0,,
BOT,,0 days 00:00:51.626000,0 days 00:01:21.540000,0 days 00:00:49.742000,INTERMEDIATE,2.0,,0 days 01:08:11.867000
BOT,,,0 days 00:01:05.045000,0 days 00:00:29.191000,WET,1.0,0 days 03:14:59.399000,
BOT,,0 days 00:00:59.454000,0 days 00:01:18.168000,0 days 00:00:28.796000,WET,2.0,,
BOT,,0 days 00:00:57.148000,0 days 00:01:19.369000,0 days 00:00:35.121000,WET,3.0,,
BOT,0 days 00:02:02.174000,0 days 00:00:42.539000,0 days 00:00:52.888000,0 days 00:00:26.747000,WET,4.0,,0 days 03:24:56.442000
BOT,0 days 00:02:12.897000,0 days 00:01:02.623000,0 days 00:00:48.918000,0 days 00:00:21.356000,INTERMEDIATE,1.0,0 days 03:25:21.620000,
BOT,0 days 00:01:50.819000,0 days 00:00:40.590000,0 days 00:00:48.841000,0 days 00:00:21.388000,INTERMEDIATE,2.0,,
BOT,0 days 00:01:52.751000,0 days 00:00:41.303000,0 days 00:00:50.290000,0 days 00:00:21.158000,INTERMEDIATE,3.0,,
BOT,0 days 00:01:48.646000,0 days 00:00:39.934000,0 days 00:00:47.762000,0 days 00:00:20.950000,INTERMEDIATE,4.0,,
BOT,0 days 00:01:47.820000,0 days 00:00:39.123000,0 days 00:00:47.943000,0 days 00:00:20.754000,INTERMEDIATE,5.0,,
BOT,0 days 00:01:48.891000,0 days 00:00:39.265000,0 days 00:00:48.636000,0 days 00:00:20.990000,INTERMEDIATE,6.0,,
BOT,0 days 00:01:49.344000,0 days 00:00:39.638000,0 days 00:00:48.588000,0 days 00:00:21.118000,INTERMEDIATE,7.0,,
BOT,0 days 00:01:49.695000,0 days 00:00:39.751000,0 days 00:00:48.767000,0 days 00:00:21.177000,INTERMEDIATE,8.0,,
BOT,0 days 00:01:49.576000,0 days 00:00:39.550000,0 days 00:00:48.897000,0 days 00:00:21.129000,INTERMEDIATE,9.0,,
BOT,0 days 00:01:50.856000,0 days 00:00:40.419000,0 days 00:00:49.193000,0 days 00:00:21.244000,INTERMEDIATE,10.0,,
BOT,0 days 00:01:50.036000,0 days 00:00:39.953000,0 days 00:00:49.015000,0 days 00:00:21.068000,INTERMEDIATE,11.0,,
BOT,0 days 00:01:50.824000,0 days 00:00:40.376000,0 days 00:00:49.069000,0 days 00:00:21.379000,INTERMEDIATE,12.0,,
BOT,0 days 00:01:50.280000,0 days 00:00:40.065000,0 days 00:00:49.068000,0 days 00:00:21.147000,INTERMEDIATE,13.0,,
BOT,0 days 00:01:50.509000,0 days 00:00:39.923000,0 days 00:00:49.418000,0 days 00:00:21.168000,INTERMEDIATE,14.0,,
BOT,0 days 00:01:50.245000,0 days 00:00:39.999000,0 days 00:00:48.964000,0 days 00:00:21.282000,INTERMEDIATE,15.0,,
BOT,0 days 00:01:51.033000,0 days 00:00:40.627000,0 days 00:00:49.207000,0 days 00:00:21.199000,INTERMEDIATE,16.0,,
BOT,0 days 00:01:51.041000,0 days 00:00:40.006000,0 days 00:00:49.964000,0 days 00:00:21.071000,INTERMEDIATE,17.0,,
BOT,0 days 00:01:51.137000,0 days 00:00:40.381000,0 days 00:00:49.177000,0 days 00:00:21.579000,INTERMEDIATE,18.0,,
BOT,0 days 00:01:51.252000,0 days 00:00:41.170000,0 days 00:00:48.962000,0 days 00:00:21.120000,INTERMEDIATE,19.0,,
BOT,0 days 00:01:50.481000,0 days 00:00:40.470000,0 days 00:00:49.007000,0 days 00:00:21.004000,INTERMEDIATE,20.0,,
BOT,0 days 00:01:50.336000,0 days 00:00:40.340000,0 days 00:00:48.792000,0 days 00:00:21.204000,INTERMEDIATE,21.0,,
BOT,0 days 00:01:50.089000,0 days 00:00:40.141000,0 days 00:00:48.945000,0 days 00:00:21.003000,INTERMEDIATE,22.0,,
